{
  "format_version": "1.8.0",
  "render_controllers": {
    "controller.render.enderman": {
      "arrays": {
        "materials": {
          "Array.materials": [ "Material.default", "Material.invisible" ]
        },
        "textures": {
          "Array.skins": [ "Texture.default", "Texture.pale_eyes" ]
        }
      },
       "geometry": "Geometry.default",
       "materials": [ { "*": "Array.materials[query.is_invisible]" } ],
       "textures": [ "Array.skins[query.variant]" ]
    }
  }
}
